,Testers,Accuracy,TP,TN,FP,FN,ERR,FRR,FAR,EER,Sensitivity(TPR),TAR,Specificity(TNR),F-score,k values,Iterations
0,1_User,0.6416666666666667,67.66666666666667,60.666666666666664,39.333333333333336,32.333333333333336,0.35833333333333334,0.32333333333333336,0.39333333333333337,0.0,0.6766666666666667,0.6766666666666666,0.6066666666666667,0.6537842190016102,18.0,30.0
1,2_User,0.6283333333333333,35.666666666666664,90.0,10.0,64.33333333333333,0.37166666666666665,0.6433333333333333,0.1,0.0,0.35666666666666663,0.3566666666666667,0.9,0.4897025171624714,18.0,30.0
2,3_User,0.6783333333333332,50.333333333333336,85.33333333333333,14.666666666666666,49.666666666666664,0.32166666666666666,0.49666666666666665,0.14666666666666667,0.0,0.5033333333333334,0.5033333333333334,0.8533333333333333,0.6101010101010101,18.0,30.0
3,4_User,0.7866666666666667,85.66666666666667,71.66666666666667,28.333333333333332,14.333333333333334,0.21333333333333332,0.14333333333333334,0.2833333333333333,0.0,0.8566666666666667,0.8566666666666667,0.7166666666666667,0.8006230529595015,18.0,30.0
4,5_User,0.6616666666666667,54.333333333333336,78.0,22.0,45.666666666666664,0.33833333333333326,0.45666666666666667,0.22,0.0,0.5433333333333333,0.5433333333333333,0.78,0.6162570888468809,18.0,30.0
5,6_User,0.9833333333333334,100.0,96.66666666666667,3.3333333333333335,0.0,0.016666666666666666,0.0,0.03333333333333333,0.0,1.0,1.0,0.9666666666666667,0.9836065573770492,18.0,30.0
6,7_User,0.67,67.66666666666667,66.33333333333333,33.666666666666664,32.333333333333336,0.33,0.32333333333333336,0.33666666666666667,0.0,0.6766666666666667,0.6766666666666666,0.6633333333333333,0.6721854304635762,18.0,30.0
7,8_User,0.9016666666666667,95.66666666666667,84.66666666666667,15.333333333333334,4.333333333333333,0.09833333333333334,0.04333333333333333,0.15333333333333335,0.0,0.9566666666666667,0.9566666666666667,0.8466666666666667,0.9067930489731437,18.0,30.0
8,9_User,0.79,71.33333333333333,86.66666666666667,13.333333333333334,28.666666666666668,0.21,0.2866666666666667,0.13333333333333333,0.0,0.7133333333333333,0.7133333333333334,0.8666666666666667,0.7725631768953068,18.0,30.0
9,10_User,0.7366666666666666,65.33333333333333,82.0,18.0,34.666666666666664,0.2633333333333333,0.3466666666666666,0.18,0.0,0.6533333333333333,0.6533333333333333,0.82,0.7127272727272728,18.0,30.0
10,11_User,0.8683333333333334,94.0,79.66666666666667,20.333333333333332,6.0,0.13166666666666665,0.06,0.2033333333333333,0.0,0.94,0.94,0.7966666666666667,0.8771384136858476,18.0,30.0
11,12_User,0.825,89.66666666666667,75.33333333333333,24.666666666666668,10.333333333333334,0.175,0.10333333333333333,0.24666666666666667,0.0,0.8966666666666667,0.8966666666666667,0.7533333333333333,0.8367029548989113,18.0,30.0
12,13_User,0.81,85.66666666666667,76.33333333333333,23.666666666666668,14.333333333333334,0.19,0.14333333333333334,0.2366666666666667,0.0,0.8566666666666667,0.8566666666666667,0.7633333333333333,0.8184713375796179,18.0,30.0
13,14_User,0.5583333333333332,44.666666666666664,67.0,33.0,55.333333333333336,0.4416666666666667,0.5533333333333333,0.33,0.0,0.44666666666666666,0.44666666666666666,0.67,0.5028142589118199,18.0,30.0
14,15_User,0.6733333333333333,64.33333333333333,70.33333333333333,29.666666666666668,35.666666666666664,0.32666666666666666,0.35666666666666663,0.2966666666666667,0.0,0.6433333333333333,0.6433333333333333,0.7033333333333333,0.6632302405498283,18.0,30.0
15,17_User,0.715,75.33333333333333,67.66666666666667,32.333333333333336,24.666666666666668,0.285,0.24666666666666667,0.32333333333333336,0.0,0.7533333333333333,0.7533333333333333,0.6766666666666667,0.725521669341894,18.0,30.0
16,18_User,0.3466666666666666,3.0,66.33333333333333,33.666666666666664,97.0,0.6533333333333333,0.97,0.33666666666666667,0.0,0.03,0.030000000000000027,0.6633333333333333,0.04390243902439025,18.0,30.0
17,19_User,0.5366666666666667,51.333333333333336,56.0,44.0,48.666666666666664,0.46333333333333326,0.48666666666666664,0.44,0.0,0.5133333333333333,0.5133333333333334,0.56,0.5255972696245734,18.0,30.0
18,20_User,0.635,47.666666666666664,79.33333333333333,20.666666666666668,52.333333333333336,0.365,0.5233333333333333,0.20666666666666667,0.0,0.4766666666666666,0.4766666666666667,0.7933333333333333,0.5663366336633663,18.0,30.0
19,21_User,0.78,81.0,75.0,25.0,19.0,0.22,0.19,0.25,0.0,0.81,0.81,0.75,0.7864077669902912,18.0,30.0
20,22_User,0.9383333333333335,92.0,95.66666666666667,4.333333333333333,8.0,0.06166666666666666,0.08,0.04333333333333333,0.0,0.92,0.92,0.9566666666666667,0.9371816638370118,18.0,30.0
21,23_User,0.8733333333333334,96.66666666666667,78.0,22.0,3.3333333333333335,0.12666666666666665,0.03333333333333333,0.22,0.0,0.9666666666666667,0.9666666666666667,0.78,0.8841463414634146,18.0,30.0
22,24_User,0.61,51.0,71.0,29.0,49.0,0.39,0.49,0.29,0.0,0.51,0.51,0.71,0.5666666666666667,18.0,30.0
23,25_User,0.7916666666666665,87.33333333333333,71.0,29.0,12.666666666666666,0.20833333333333331,0.12666666666666665,0.29,0.0,0.8733333333333333,0.8733333333333333,0.71,0.8073959938366718,18.0,30.0
24,26_User,0.8616666666666666,95.0,77.33333333333333,22.666666666666668,5.0,0.13833333333333334,0.05,0.22666666666666668,0.0,0.95,0.95,0.7733333333333333,0.8728943338437979,18.0,30.0
25,27_User,0.66,37.666666666666664,94.33333333333333,5.666666666666667,62.333333333333336,0.34,0.6233333333333334,0.05666666666666667,0.0,0.37666666666666665,0.3766666666666666,0.9433333333333332,0.5255813953488372,18.0,30.0
26,28_User,0.805,89.0,72.0,28.0,11.0,0.195,0.11,0.28,0.0,0.89,0.89,0.72,0.8202764976958525,18.0,30.0
27,29_User,0.5433333333333333,40.333333333333336,68.33333333333333,31.666666666666668,59.666666666666664,0.45666666666666667,0.5966666666666667,0.31666666666666665,0.0,0.4033333333333334,0.4033333333333333,0.6833333333333332,0.4689922480620155,18.0,30.0
28,30_User,0.645,47.333333333333336,81.66666666666667,18.333333333333332,52.666666666666664,0.355,0.5266666666666666,0.18333333333333332,0.0,0.4733333333333334,0.4733333333333334,0.8166666666666668,0.5714285714285715,18.0,30.0
29,31_User,0.59,26.666666666666668,91.33333333333333,8.666666666666666,73.33333333333333,0.41,0.7333333333333333,0.08666666666666666,0.0,0.26666666666666666,0.2666666666666667,0.9133333333333333,0.394088669950739,18.0,30.0
30,32_User,0.495,5.666666666666667,93.33333333333333,6.666666666666667,94.33333333333333,0.505,0.9433333333333332,0.06666666666666667,0.0,0.05666666666666667,0.056666666666666754,0.9333333333333332,0.10089020771513355,18.0,30.0
31,1_User,0.6716666666666667,74.66666666666667,59.666666666666664,40.333333333333336,25.333333333333332,0.32833333333333337,0.2533333333333333,0.4033333333333334,0.0,0.7466666666666667,0.7466666666666667,0.5966666666666667,0.6945736434108527,25.0,30.0
32,2_User,0.6183333333333333,32.666666666666664,91.0,9.0,67.33333333333333,0.38166666666666665,0.6733333333333333,0.09,0.0,0.32666666666666666,0.32666666666666666,0.91,0.4611764705882353,25.0,30.0
33,3_User,0.6166666666666667,39.666666666666664,83.66666666666667,16.333333333333332,60.333333333333336,0.38333333333333336,0.6033333333333334,0.16333333333333333,0.0,0.39666666666666667,0.3966666666666666,0.8366666666666667,0.5085470085470085,25.0,30.0
34,4_User,0.82,94.0,70.0,30.0,6.0,0.18,0.06,0.3,0.0,0.94,0.94,0.7,0.8392857142857143,25.0,30.0
35,5_User,0.655,46.0,85.0,15.0,54.0,0.345,0.54,0.15,0.0,0.46,0.45999999999999996,0.85,0.5714285714285714,25.0,30.0
36,6_User,0.9783333333333334,100.0,95.66666666666667,4.333333333333333,0.0,0.021666666666666664,0.0,0.04333333333333333,0.0,1.0,1.0,0.9566666666666667,0.9787928221859706,25.0,30.0
37,7_User,0.6666666666666667,64.66666666666667,68.66666666666667,31.333333333333332,35.333333333333336,0.33333333333333337,0.35333333333333333,0.3133333333333333,0.0,0.6466666666666667,0.6466666666666667,0.6866666666666668,0.6598639455782312,25.0,30.0
38,8_User,0.8966666666666667,97.66666666666667,81.66666666666667,18.333333333333332,2.3333333333333335,0.10333333333333332,0.023333333333333334,0.18333333333333332,0.0,0.9766666666666667,0.9766666666666667,0.8166666666666668,0.9043209876543209,25.0,30.0
39,9_User,0.8083333333333332,76.33333333333333,85.33333333333333,14.666666666666666,23.666666666666668,0.19166666666666668,0.2366666666666667,0.14666666666666667,0.0,0.7633333333333333,0.7633333333333333,0.8533333333333333,0.7993019197207679,25.0,30.0
40,10_User,0.7083333333333333,54.666666666666664,87.0,13.0,45.333333333333336,0.2916666666666667,0.45333333333333337,0.13,0.0,0.5466666666666666,0.5466666666666666,0.87,0.6520874751491054,25.0,30.0
41,11_User,0.8533333333333333,94.33333333333333,76.33333333333333,23.666666666666668,5.666666666666667,0.14666666666666667,0.05666666666666667,0.2366666666666667,0.0,0.9433333333333332,0.9433333333333334,0.7633333333333333,0.8654434250764527,25.0,30.0
42,12_User,0.87,90.66666666666667,83.33333333333333,16.666666666666668,9.333333333333334,0.13,0.09333333333333334,0.16666666666666669,0.0,0.9066666666666667,0.9066666666666666,0.8333333333333333,0.8745980707395499,25.0,30.0
43,13_User,0.795,85.0,74.0,26.0,15.0,0.205,0.15,0.26,0.0,0.85,0.85,0.74,0.8056872037914692,25.0,30.0
44,14_User,0.55,37.0,73.0,27.0,63.0,0.45,0.63,0.27,0.0,0.37,0.37,0.73,0.45121951219512196,25.0,30.0
45,15_User,0.7183333333333333,69.33333333333333,74.33333333333333,25.666666666666668,30.666666666666668,0.2816666666666667,0.3066666666666667,0.25666666666666665,0.0,0.6933333333333332,0.6933333333333334,0.7433333333333333,0.7111111111111111,25.0,30.0
46,17_User,0.7383333333333334,74.66666666666667,73.0,27.0,25.333333333333332,0.26166666666666666,0.2533333333333333,0.27,0.0,0.7466666666666667,0.7466666666666667,0.73,0.740495867768595,25.0,30.0
47,18_User,0.405,10.0,71.0,29.0,90.0,0.595,0.9,0.29,0.0,0.1,0.09999999999999998,0.71,0.14388489208633093,25.0,30.0
48,19_User,0.58,58.0,58.0,42.0,42.0,0.42,0.42,0.42,0.0,0.58,0.5800000000000001,0.58,0.58,25.0,30.0
49,20_User,0.6666666666666665,55.0,78.33333333333333,21.666666666666668,45.0,0.33333333333333337,0.45,0.21666666666666667,0.0,0.55,0.55,0.7833333333333333,0.6226415094339623,25.0,30.0
50,21_User,0.8116666666666665,80.33333333333333,82.0,18.0,19.666666666666668,0.18833333333333335,0.19666666666666668,0.18,0.0,0.8033333333333332,0.8033333333333333,0.82,0.8100840336134454,25.0,30.0
51,22_User,0.9466666666666665,96.33333333333333,93.0,7.0,3.6666666666666665,0.05333333333333333,0.03666666666666667,0.07,0.0,0.9633333333333333,0.9633333333333334,0.93,0.9475409836065575,25.0,30.0
52,23_User,0.9033333333333333,97.33333333333333,83.33333333333333,16.666666666666668,2.6666666666666665,0.09666666666666668,0.026666666666666665,0.16666666666666669,0.0,0.9733333333333333,0.9733333333333334,0.8333333333333333,0.9096573208722742,25.0,30.0
53,24_User,0.67,60.0,74.0,26.0,40.0,0.33,0.4,0.26,0.0,0.6,0.6,0.74,0.6451612903225806,25.0,30.0
54,25_User,0.79,83.66666666666667,74.33333333333333,25.666666666666668,16.333333333333332,0.21,0.16333333333333333,0.25666666666666665,0.0,0.8366666666666667,0.8366666666666667,0.7433333333333333,0.7993630573248408,25.0,30.0
55,26_User,0.8616666666666666,96.0,76.33333333333333,23.666666666666668,4.0,0.13833333333333334,0.04,0.2366666666666667,0.0,0.96,0.96,0.7633333333333333,0.874051593323217,25.0,30.0
56,27_User,0.6916666666666665,46.0,92.33333333333333,7.666666666666667,54.0,0.30833333333333335,0.54,0.07666666666666667,0.0,0.46,0.45999999999999996,0.9233333333333333,0.598698481561822,25.0,30.0
57,28_User,0.835,81.0,86.0,14.0,19.0,0.165,0.19,0.14,0.0,0.81,0.81,0.86,0.8307692307692308,25.0,30.0
58,29_User,0.4683333333333334,25.666666666666668,68.0,32.0,74.33333333333333,0.5316666666666666,0.7433333333333333,0.32,0.0,0.25666666666666665,0.2566666666666667,0.68,0.3255813953488372,25.0,30.0
59,30_User,0.6616666666666667,48.333333333333336,84.0,16.0,51.666666666666664,0.33833333333333326,0.5166666666666666,0.16,0.0,0.48333333333333334,0.4833333333333334,0.84,0.5882352941176471,25.0,30.0
60,31_User,0.5666666666666667,23.333333333333332,90.0,10.0,76.66666666666667,0.43333333333333335,0.7666666666666667,0.1,0.0,0.2333333333333333,0.23333333333333328,0.9,0.35,25.0,30.0
61,32_User,0.49666666666666665,11.333333333333334,88.0,12.0,88.66666666666667,0.5033333333333334,0.8866666666666667,0.12,0.0,0.11333333333333334,0.11333333333333329,0.88,0.18378378378378377,25.0,30.0
62,1_User,0.6666666666666665,72.33333333333333,61.0,39.0,27.666666666666668,0.33333333333333337,0.27666666666666667,0.39,0.0,0.7233333333333333,0.7233333333333334,0.61,0.6845425867507886,30.0,30.0
63,2_User,0.58,25.666666666666668,90.33333333333333,9.666666666666666,74.33333333333333,0.42,0.7433333333333333,0.09666666666666666,0.0,0.25666666666666665,0.2566666666666667,0.9033333333333333,0.3793103448275863,30.0,30.0
64,3_User,0.5883333333333333,32.666666666666664,85.0,15.0,67.33333333333333,0.4116666666666666,0.6733333333333333,0.15,0.0,0.32666666666666666,0.32666666666666666,0.85,0.44243792325056436,30.0,30.0
65,4_User,0.81,89.66666666666667,72.33333333333333,27.666666666666668,10.333333333333334,0.19,0.10333333333333333,0.27666666666666667,0.0,0.8966666666666667,0.8966666666666667,0.7233333333333333,0.8251533742331288,30.0,30.0
66,5_User,0.6516666666666667,50.333333333333336,80.0,20.0,49.666666666666664,0.3483333333333333,0.49666666666666665,0.2,0.0,0.5033333333333334,0.5033333333333334,0.8,0.5909980430528375,30.0,30.0
67,6_User,0.975,100.0,95.0,5.0,0.0,0.025,0.0,0.05,0.0,1.0,1.0,0.95,0.975609756097561,30.0,30.0
68,7_User,0.7183333333333334,67.66666666666667,76.0,24.0,32.333333333333336,0.2816666666666667,0.32333333333333336,0.24,0.0,0.6766666666666667,0.6766666666666666,0.76,0.7060869565217391,30.0,30.0
69,8_User,0.9,96.0,84.0,16.0,4.0,0.1,0.04,0.16,0.0,0.96,0.96,0.84,0.9056603773584906,30.0,30.0
70,9_User,0.7616666666666666,70.33333333333333,82.0,18.0,29.666666666666668,0.23833333333333337,0.2966666666666667,0.18,0.0,0.7033333333333333,0.7033333333333334,0.82,0.7469026548672567,30.0,30.0
71,10_User,0.7233333333333333,56.666666666666664,88.0,12.0,43.333333333333336,0.27666666666666667,0.43333333333333335,0.12,0.0,0.5666666666666667,0.5666666666666667,0.88,0.6719367588932806,30.0,30.0
72,11_User,0.875,90.33333333333333,84.66666666666667,15.333333333333334,9.666666666666666,0.125,0.09666666666666666,0.15333333333333335,0.0,0.9033333333333333,0.9033333333333333,0.8466666666666667,0.8784440842787682,30.0,30.0
73,12_User,0.8683333333333334,96.0,77.66666666666667,22.333333333333332,4.0,0.13166666666666665,0.04,0.22333333333333333,0.0,0.96,0.96,0.7766666666666667,0.8793893129770992,30.0,30.0
74,13_User,0.7866666666666666,83.33333333333333,74.0,26.0,16.666666666666668,0.21333333333333335,0.16666666666666669,0.26,0.0,0.8333333333333333,0.8333333333333333,0.74,0.7961783439490446,30.0,30.0
75,14_User,0.535,37.666666666666664,69.33333333333333,30.666666666666668,62.333333333333336,0.465,0.6233333333333334,0.3066666666666667,0.0,0.37666666666666665,0.3766666666666666,0.6933333333333332,0.4475247524752475,30.0,30.0
76,15_User,0.6633333333333334,59.0,73.66666666666667,26.333333333333332,41.0,0.33666666666666667,0.41,0.2633333333333333,0.0,0.59,0.5900000000000001,0.7366666666666667,0.6366906474820143,30.0,30.0
77,17_User,0.715,66.66666666666667,76.33333333333333,23.666666666666668,33.333333333333336,0.285,0.33333333333333337,0.2366666666666667,0.0,0.6666666666666667,0.6666666666666666,0.7633333333333333,0.7005253940455342,30.0,30.0
78,18_User,0.4,8.333333333333334,71.66666666666667,28.333333333333332,91.66666666666667,0.6,0.9166666666666667,0.2833333333333333,0.0,0.08333333333333334,0.08333333333333326,0.7166666666666667,0.12195121951219512,30.0,30.0
79,19_User,0.5616666666666668,61.0,51.333333333333336,48.666666666666664,39.0,0.4383333333333333,0.39,0.48666666666666664,0.0,0.61,0.61,0.5133333333333333,0.5818759936406995,30.0,30.0
80,20_User,0.6483333333333333,45.333333333333336,84.33333333333333,15.666666666666666,54.666666666666664,0.3516666666666666,0.5466666666666666,0.15666666666666665,0.0,0.45333333333333337,0.45333333333333337,0.8433333333333333,0.5631469979296067,30.0,30.0
81,21_User,0.7933333333333334,83.0,75.66666666666667,24.333333333333332,17.0,0.20666666666666664,0.17,0.24333333333333332,0.0,0.83,0.83,0.7566666666666667,0.8006430868167203,30.0,30.0
82,22_User,0.9483333333333335,98.0,91.66666666666667,8.333333333333334,2.0,0.051666666666666666,0.02,0.08333333333333334,0.0,0.98,0.98,0.9166666666666667,0.949919224555735,30.0,30.0
83,23_User,0.8866666666666666,98.0,79.33333333333333,20.666666666666668,2.0,0.11333333333333334,0.02,0.20666666666666667,0.0,0.98,0.98,0.7933333333333333,0.8963414634146342,30.0,30.0
84,24_User,0.6683333333333334,57.0,76.66666666666667,23.333333333333332,43.0,0.33166666666666667,0.43,0.2333333333333333,0.0,0.57,0.5700000000000001,0.7666666666666667,0.6321626617375231,30.0,30.0
85,25_User,0.8116666666666665,87.0,75.33333333333333,24.666666666666668,13.0,0.18833333333333335,0.13,0.24666666666666667,0.0,0.87,0.87,0.7533333333333333,0.8220472440944883,30.0,30.0
86,26_User,0.88,93.33333333333333,82.66666666666667,17.333333333333332,6.666666666666667,0.12,0.06666666666666667,0.1733333333333333,0.0,0.9333333333333332,0.9333333333333333,0.8266666666666667,0.8860759493670886,30.0,30.0
87,27_User,0.675,43.666666666666664,91.33333333333333,8.666666666666666,56.333333333333336,0.325,0.5633333333333334,0.08666666666666666,0.0,0.43666666666666665,0.43666666666666665,0.9133333333333333,0.573304157549234,30.0,30.0
88,28_User,0.8633333333333334,88.0,84.66666666666667,15.333333333333334,12.0,0.1366666666666667,0.12,0.15333333333333335,0.0,0.88,0.88,0.8466666666666667,0.8655737704918033,30.0,30.0
89,29_User,0.48833333333333334,28.666666666666668,69.0,31.0,71.33333333333333,0.5116666666666666,0.7133333333333333,0.31,0.0,0.2866666666666667,0.28666666666666674,0.69,0.3590814196242171,30.0,30.0
90,30_User,0.71,65.0,77.0,23.0,35.0,0.29,0.35,0.23,0.0,0.65,0.65,0.77,0.6914893617021277,30.0,30.0
91,31_User,0.6166666666666667,29.666666666666668,93.66666666666667,6.333333333333333,70.33333333333333,0.3833333333333333,0.7033333333333333,0.06333333333333332,0.0,0.2966666666666667,0.29666666666666675,0.9366666666666668,0.4362745098039216,30.0,30.0
92,32_User,0.535,23.0,84.0,16.0,77.0,0.465,0.77,0.16,0.0,0.23,0.22999999999999998,0.84,0.33093525179856115,30.0,30.0
93,1_User,0.6733333333333333,77.0,57.666666666666664,42.333333333333336,23.0,0.3266666666666667,0.23,0.42333333333333334,0.0,0.77,0.77,0.5766666666666667,0.7021276595744681,45.0,30.0
94,2_User,0.6166666666666667,32.666666666666664,90.66666666666667,9.333333333333334,67.33333333333333,0.3833333333333333,0.6733333333333333,0.09333333333333334,0.0,0.32666666666666666,0.32666666666666666,0.9066666666666667,0.460093896713615,45.0,30.0
95,3_User,0.6366666666666667,41.666666666666664,85.66666666666667,14.333333333333334,58.333333333333336,0.36333333333333334,0.5833333333333334,0.14333333333333334,0.0,0.41666666666666663,0.41666666666666663,0.8566666666666667,0.5341880341880342,45.0,30.0
96,4_User,0.8416666666666666,95.33333333333333,73.0,27.0,4.666666666666667,0.15833333333333333,0.04666666666666667,0.27,0.0,0.9533333333333333,0.9533333333333334,0.73,0.8575712143928036,45.0,30.0
97,5_User,0.6383333333333333,39.0,88.66666666666667,11.333333333333334,61.0,0.36166666666666664,0.61,0.11333333333333334,0.0,0.39,0.39,0.8866666666666667,0.5188470066518848,45.0,30.0
98,6_User,0.9366666666666668,97.66666666666667,89.66666666666667,10.333333333333334,2.3333333333333335,0.06333333333333334,0.023333333333333334,0.10333333333333333,0.0,0.9766666666666667,0.9766666666666667,0.8966666666666667,0.939102564102564,45.0,30.0
99,7_User,0.7166666666666666,69.0,74.33333333333333,25.666666666666668,31.0,0.2833333333333334,0.31,0.25666666666666665,0.0,0.69,0.69,0.7433333333333333,0.7089041095890412,45.0,30.0
100,8_User,0.8883333333333333,97.33333333333333,80.33333333333333,19.666666666666668,2.6666666666666665,0.11166666666666668,0.026666666666666665,0.19666666666666668,0.0,0.9733333333333333,0.9733333333333334,0.8033333333333332,0.8970814132104455,45.0,30.0
101,9_User,0.7483333333333334,70.0,79.66666666666667,20.333333333333332,30.0,0.25166666666666665,0.3,0.2033333333333333,0.0,0.7,0.7,0.7966666666666667,0.7355516637478108,45.0,30.0
102,10_User,0.6583333333333334,44.0,87.66666666666667,12.333333333333334,56.0,0.3416666666666666,0.56,0.12333333333333334,0.0,0.44,0.43999999999999995,0.8766666666666667,0.5628997867803839,45.0,30.0
103,11_User,0.9016666666666666,96.0,84.33333333333333,15.666666666666666,4.0,0.09833333333333333,0.04,0.15666666666666665,0.0,0.96,0.96,0.8433333333333333,0.9070866141732283,45.0,30.0
104,12_User,0.9,93.66666666666667,86.33333333333333,13.666666666666666,6.333333333333333,0.1,0.06333333333333332,0.13666666666666666,0.0,0.9366666666666668,0.9366666666666666,0.8633333333333333,0.9035369774919614,45.0,30.0
105,13_User,0.81,81.0,81.0,19.0,19.0,0.19,0.19,0.19,0.0,0.81,0.81,0.81,0.81,45.0,30.0
106,14_User,0.5633333333333334,44.0,68.66666666666667,31.333333333333332,56.0,0.43666666666666665,0.56,0.3133333333333333,0.0,0.44,0.43999999999999995,0.6866666666666668,0.5019011406844107,45.0,30.0
107,15_User,0.6833333333333332,59.666666666666664,77.0,23.0,40.333333333333336,0.31666666666666665,0.4033333333333334,0.23,0.0,0.5966666666666667,0.5966666666666667,0.77,0.6532846715328468,45.0,30.0
108,17_User,0.7133333333333334,63.0,79.66666666666667,20.333333333333332,37.0,0.2866666666666666,0.37,0.2033333333333333,0.0,0.63,0.63,0.7966666666666667,0.6872727272727273,45.0,30.0
109,18_User,0.3583333333333333,3.3333333333333335,68.33333333333333,31.666666666666668,96.66666666666667,0.6416666666666667,0.9666666666666667,0.31666666666666665,0.0,0.03333333333333333,0.033333333333333326,0.6833333333333332,0.04938271604938272,45.0,30.0
110,19_User,0.6316666666666667,65.0,61.333333333333336,38.666666666666664,35.0,0.3683333333333333,0.35,0.38666666666666666,0.0,0.65,0.65,0.6133333333333334,0.6382978723404256,45.0,30.0
111,20_User,0.6433333333333333,47.666666666666664,81.0,19.0,52.333333333333336,0.3566666666666667,0.5233333333333333,0.19,0.0,0.4766666666666666,0.4766666666666667,0.81,0.572,45.0,30.0
112,21_User,0.7966666666666665,82.0,77.33333333333333,22.666666666666668,18.0,0.20333333333333337,0.18,0.22666666666666668,0.0,0.82,0.8200000000000001,0.7733333333333333,0.8013029315960912,45.0,30.0
113,22_User,0.9433333333333332,99.33333333333333,89.33333333333333,10.666666666666666,0.6666666666666666,0.056666666666666664,0.006666666666666666,0.10666666666666666,0.0,0.9933333333333333,0.9933333333333333,0.8933333333333333,0.9460317460317461,45.0,30.0
114,23_User,0.895,98.66666666666667,80.33333333333333,19.666666666666668,1.3333333333333333,0.105,0.013333333333333332,0.19666666666666668,0.0,0.9866666666666667,0.9866666666666667,0.8033333333333332,0.9038167938931297,45.0,30.0
115,24_User,0.5916666666666667,44.666666666666664,73.66666666666667,26.333333333333332,55.333333333333336,0.4083333333333334,0.5533333333333333,0.2633333333333333,0.0,0.44666666666666666,0.44666666666666666,0.7366666666666667,0.5224171539961013,45.0,30.0
116,25_User,0.79,83.0,75.0,25.0,17.0,0.21,0.17,0.25,0.0,0.83,0.83,0.75,0.7980769230769231,45.0,30.0
117,26_User,0.8716666666666667,90.66666666666667,83.66666666666667,16.333333333333332,9.333333333333334,0.12833333333333333,0.09333333333333334,0.16333333333333333,0.0,0.9066666666666667,0.9066666666666666,0.8366666666666667,0.8760064412238324,45.0,30.0
118,27_User,0.7716666666666666,65.33333333333333,89.0,11.0,34.666666666666664,0.22833333333333333,0.3466666666666666,0.11,0.0,0.6533333333333333,0.6533333333333333,0.89,0.7410207939508507,45.0,30.0
119,28_User,0.81,79.66666666666667,82.33333333333333,17.666666666666668,20.333333333333332,0.19,0.2033333333333333,0.17666666666666667,0.0,0.7966666666666667,0.7966666666666666,0.8233333333333333,0.8074324324324325,45.0,30.0
120,29_User,0.475,19.666666666666668,75.33333333333333,24.666666666666668,80.33333333333333,0.525,0.8033333333333332,0.24666666666666667,0.0,0.19666666666666668,0.19666666666666677,0.7533333333333333,0.2725173210161663,45.0,30.0
121,30_User,0.745,64.33333333333333,84.66666666666667,15.333333333333334,35.666666666666664,0.255,0.35666666666666663,0.15333333333333335,0.0,0.6433333333333333,0.6433333333333333,0.8466666666666667,0.7161410018552875,45.0,30.0
122,31_User,0.58,31.333333333333332,84.66666666666667,15.333333333333334,68.66666666666667,0.42,0.6866666666666668,0.15333333333333335,0.0,0.3133333333333333,0.31333333333333324,0.8466666666666667,0.4272727272727272,45.0,30.0
123,32_User,0.5316666666666666,21.333333333333332,85.0,15.0,78.66666666666667,0.4683333333333334,0.7866666666666667,0.15,0.0,0.21333333333333332,0.21333333333333326,0.85,0.3129584352078239,45.0,30.0
124,1_User,0.6683333333333333,73.33333333333333,60.333333333333336,39.666666666666664,26.666666666666668,0.33166666666666667,0.26666666666666666,0.39666666666666667,0.0,0.7333333333333333,0.7333333333333334,0.6033333333333334,0.6885758998435055,55.0,30.0
125,2_User,0.6466666666666666,33.0,96.33333333333333,3.6666666666666665,67.0,0.35333333333333333,0.67,0.03666666666666667,0.0,0.33,0.32999999999999996,0.9633333333333333,0.4829268292682926,55.0,30.0
126,3_User,0.67,51.333333333333336,82.66666666666667,17.333333333333332,48.666666666666664,0.33,0.48666666666666664,0.1733333333333333,0.0,0.5133333333333333,0.5133333333333334,0.8266666666666667,0.6086956521739131,55.0,30.0
127,4_User,0.8516666666666667,98.66666666666667,71.66666666666667,28.333333333333332,1.3333333333333333,0.14833333333333332,0.013333333333333332,0.2833333333333333,0.0,0.9866666666666667,0.9866666666666667,0.7166666666666667,0.869309838472834,55.0,30.0
128,5_User,0.605,33.0,88.0,12.0,67.0,0.395,0.67,0.12,0.0,0.33,0.32999999999999996,0.88,0.45517241379310347,55.0,30.0
129,6_User,0.9516666666666667,96.66666666666667,93.66666666666667,6.333333333333333,3.3333333333333335,0.04833333333333333,0.03333333333333333,0.06333333333333332,0.0,0.9666666666666667,0.9666666666666667,0.9366666666666668,0.9523809523809523,55.0,30.0
130,7_User,0.7083333333333335,69.0,72.66666666666667,27.333333333333332,31.0,0.29166666666666663,0.31,0.2733333333333333,0.0,0.69,0.69,0.7266666666666667,0.7028862478777589,55.0,30.0
131,8_User,0.895,97.0,82.0,18.0,3.0,0.105,0.03,0.18,0.0,0.97,0.97,0.82,0.9023255813953488,55.0,30.0
132,9_User,0.7583333333333333,69.33333333333333,82.33333333333333,17.666666666666668,30.666666666666668,0.24166666666666667,0.3066666666666667,0.17666666666666667,0.0,0.6933333333333332,0.6933333333333334,0.8233333333333333,0.7415329768270945,55.0,30.0
133,10_User,0.69,54.333333333333336,83.66666666666667,16.333333333333332,45.666666666666664,0.31,0.45666666666666667,0.16333333333333333,0.0,0.5433333333333333,0.5433333333333333,0.8366666666666667,0.6367187500000001,55.0,30.0
134,11_User,0.8666666666666666,92.33333333333333,81.0,19.0,7.666666666666667,0.13333333333333333,0.07666666666666667,0.19,0.0,0.9233333333333333,0.9233333333333333,0.81,0.8738170347003155,55.0,30.0
135,12_User,0.8866666666666666,92.33333333333333,85.0,15.0,7.666666666666667,0.11333333333333334,0.07666666666666667,0.15,0.0,0.9233333333333333,0.9233333333333333,0.85,0.8906752411575563,55.0,30.0
136,13_User,0.8016666666666665,74.0,86.33333333333333,13.666666666666666,26.0,0.19833333333333333,0.26,0.13666666666666666,0.0,0.74,0.74,0.8633333333333333,0.7886323268206039,55.0,30.0
137,14_User,0.545,34.333333333333336,74.66666666666667,25.333333333333332,65.66666666666667,0.455,0.6566666666666667,0.2533333333333333,0.0,0.3433333333333334,0.34333333333333327,0.7466666666666667,0.430062630480167,55.0,30.0
138,15_User,0.7,66.0,74.0,26.0,34.0,0.3,0.34,0.26,0.0,0.66,0.6599999999999999,0.74,0.6875,55.0,30.0
139,17_User,0.6866666666666668,61.666666666666664,75.66666666666667,24.333333333333332,38.333333333333336,0.31333333333333335,0.38333333333333336,0.24333333333333332,0.0,0.6166666666666667,0.6166666666666667,0.7566666666666667,0.6630824372759856,55.0,30.0
140,18_User,0.41,9.333333333333334,72.66666666666667,27.333333333333332,90.66666666666667,0.59,0.9066666666666667,0.2733333333333333,0.0,0.09333333333333334,0.09333333333333327,0.7266666666666667,0.13658536585365852,55.0,30.0
141,19_User,0.5783333333333333,58.666666666666664,57.0,43.0,41.333333333333336,0.4216666666666667,0.41333333333333333,0.43,0.0,0.5866666666666667,0.5866666666666667,0.57,0.5818181818181818,55.0,30.0
142,20_User,0.6333333333333333,44.333333333333336,82.33333333333333,17.666666666666668,55.666666666666664,0.36666666666666664,0.5566666666666666,0.17666666666666667,0.0,0.44333333333333336,0.44333333333333336,0.8233333333333333,0.5473251028806585,55.0,30.0
143,21_User,0.8216666666666668,85.66666666666667,78.66666666666667,21.333333333333332,14.333333333333334,0.17833333333333332,0.14333333333333334,0.21333333333333332,0.0,0.8566666666666667,0.8566666666666667,0.7866666666666667,0.8276972624798711,55.0,30.0
144,22_User,0.9483333333333335,100.0,89.66666666666667,10.333333333333334,0.0,0.051666666666666666,0.0,0.10333333333333333,0.0,1.0,1.0,0.8966666666666667,0.9508716323296355,55.0,30.0
145,23_User,0.89,96.33333333333333,81.66666666666667,18.333333333333332,3.6666666666666665,0.11,0.03666666666666667,0.18333333333333332,0.0,0.9633333333333333,0.9633333333333334,0.8166666666666668,0.8975155279503105,55.0,30.0
146,24_User,0.6166666666666667,53.0,70.33333333333333,29.666666666666668,47.0,0.38333333333333336,0.47,0.2966666666666667,0.0,0.53,0.53,0.7033333333333333,0.5802919708029197,55.0,30.0
147,25_User,0.8316666666666667,86.66666666666667,79.66666666666667,20.333333333333332,13.333333333333334,0.16833333333333333,0.13333333333333333,0.2033333333333333,0.0,0.8666666666666667,0.8666666666666667,0.7966666666666667,0.8373590982286634,55.0,30.0
148,26_User,0.9033333333333334,95.66666666666667,85.0,15.0,4.333333333333333,0.09666666666666666,0.04333333333333333,0.15,0.0,0.9566666666666667,0.9566666666666667,0.85,0.9082278481012658,55.0,30.0
149,27_User,0.7583333333333333,62.666666666666664,89.0,11.0,37.333333333333336,0.24166666666666667,0.37333333333333335,0.11,0.0,0.6266666666666666,0.6266666666666667,0.89,0.7216890595009597,55.0,30.0
150,28_User,0.865,86.66666666666667,86.33333333333333,13.666666666666666,13.333333333333334,0.135,0.13333333333333333,0.13666666666666666,0.0,0.8666666666666667,0.8666666666666667,0.8633333333333333,0.8652246256239601,55.0,30.0
151,29_User,0.42666666666666664,13.0,72.33333333333333,27.666666666666668,87.0,0.5733333333333334,0.87,0.27666666666666667,0.0,0.13,0.13,0.7233333333333333,0.18483412322274878,55.0,30.0
152,30_User,0.7383333333333333,66.33333333333333,81.33333333333333,18.666666666666668,33.666666666666664,0.26166666666666666,0.33666666666666667,0.18666666666666668,0.0,0.6633333333333333,0.6633333333333333,0.8133333333333332,0.7171171171171172,55.0,30.0
153,31_User,0.6016666666666667,31.333333333333332,89.0,11.0,68.66666666666667,0.3983333333333334,0.6866666666666668,0.11,0.0,0.3133333333333333,0.31333333333333324,0.89,0.4402810304449649,55.0,30.0
154,32_User,0.5333333333333333,22.333333333333332,84.33333333333333,15.666666666666666,77.66666666666667,0.46666666666666673,0.7766666666666667,0.15666666666666665,0.0,0.22333333333333333,0.22333333333333327,0.8433333333333333,0.32367149758454106,55.0,30.0
155,1_User,0.6883333333333332,80.0,57.666666666666664,42.333333333333336,20.0,0.3116666666666667,0.2,0.42333333333333334,0.0,0.8,0.8,0.5766666666666667,0.7196401799100449,all,30.0
156,2_User,0.685,49.666666666666664,87.33333333333333,12.666666666666666,50.333333333333336,0.315,0.5033333333333334,0.12666666666666665,0.0,0.49666666666666665,0.4966666666666666,0.8733333333333333,0.6119096509240246,all,30.0
157,3_User,0.6783333333333332,52.333333333333336,83.33333333333333,16.666666666666668,47.666666666666664,0.32166666666666666,0.4766666666666666,0.16666666666666669,0.0,0.5233333333333333,0.5233333333333334,0.8333333333333333,0.6193293885601578,all,30.0
158,4_User,0.8816666666666667,99.66666666666667,76.66666666666667,23.333333333333332,0.3333333333333333,0.11833333333333332,0.003333333333333333,0.2333333333333333,0.0,0.9966666666666667,0.9966666666666667,0.7666666666666667,0.8938714499252615,all,30.0
159,5_User,0.7166666666666666,59.0,84.33333333333333,15.666666666666666,41.0,0.2833333333333333,0.41,0.15666666666666665,0.0,0.59,0.5900000000000001,0.8433333333333333,0.6755725190839695,all,30.0
160,6_User,0.9416666666666668,97.66666666666667,90.66666666666667,9.333333333333334,2.3333333333333335,0.05833333333333334,0.023333333333333334,0.09333333333333334,0.0,0.9766666666666667,0.9766666666666667,0.9066666666666667,0.9436392914653783,all,30.0
161,7_User,0.6233333333333333,53.666666666666664,71.0,29.0,46.333333333333336,0.3766666666666667,0.4633333333333334,0.29,0.0,0.5366666666666666,0.5366666666666666,0.71,0.5875912408759124,all,30.0
162,8_User,0.8833333333333334,96.66666666666667,80.0,20.0,3.3333333333333335,0.11666666666666665,0.03333333333333333,0.2,0.0,0.9666666666666667,0.9666666666666667,0.8,0.8923076923076922,all,30.0
163,9_User,0.77,77.33333333333333,76.66666666666667,23.333333333333332,22.666666666666668,0.23,0.22666666666666668,0.2333333333333333,0.0,0.7733333333333333,0.7733333333333333,0.7666666666666667,0.7707641196013288,all,30.0
164,10_User,0.7716666666666666,70.0,84.33333333333333,15.666666666666666,30.0,0.22833333333333333,0.3,0.15666666666666665,0.0,0.7,0.7,0.8433333333333333,0.7540394973070018,all,30.0
165,11_User,0.8566666666666666,96.33333333333333,75.0,25.0,3.6666666666666665,0.14333333333333334,0.03666666666666667,0.25,0.0,0.9633333333333333,0.9633333333333334,0.75,0.8704819277108434,all,30.0
166,12_User,0.9066666666666666,98.33333333333333,83.0,17.0,1.6666666666666667,0.09333333333333334,0.016666666666666666,0.17,0.0,0.9833333333333333,0.9833333333333333,0.83,0.913312693498452,all,30.0
167,13_User,0.8283333333333335,85.0,80.66666666666667,19.333333333333332,15.0,0.17166666666666663,0.15,0.19333333333333333,0.0,0.85,0.85,0.8066666666666668,0.831973898858075,all,30.0
168,14_User,0.575,37.666666666666664,77.33333333333333,22.666666666666668,62.333333333333336,0.425,0.6233333333333334,0.22666666666666668,0.0,0.37666666666666665,0.3766666666666666,0.7733333333333333,0.46985446985446977,all,30.0
169,15_User,0.665,58.666666666666664,74.33333333333333,25.666666666666668,41.333333333333336,0.335,0.41333333333333333,0.25666666666666665,0.0,0.5866666666666667,0.5866666666666667,0.7433333333333333,0.6365280289330921,all,30.0
170,17_User,0.7416666666666667,70.66666666666667,77.66666666666667,22.333333333333332,29.333333333333332,0.2583333333333333,0.29333333333333333,0.22333333333333333,0.0,0.7066666666666667,0.7066666666666667,0.7766666666666667,0.7322970639032814,all,30.0
171,18_User,0.4066666666666666,14.0,67.33333333333333,32.666666666666664,86.0,0.5933333333333333,0.86,0.32666666666666666,0.0,0.14,0.14,0.6733333333333333,0.19090909090909092,all,30.0
172,19_User,0.5983333333333334,62.333333333333336,57.333333333333336,42.666666666666664,37.666666666666664,0.4016666666666666,0.37666666666666665,0.42666666666666664,0.0,0.6233333333333334,0.6233333333333333,0.5733333333333334,0.608130081300813,all,30.0
173,20_User,0.6333333333333333,46.333333333333336,80.33333333333333,19.666666666666668,53.666666666666664,0.36666666666666664,0.5366666666666666,0.19666666666666668,0.0,0.4633333333333334,0.4633333333333334,0.8033333333333332,0.5582329317269077,all,30.0
174,21_User,0.835,83.33333333333333,83.66666666666667,16.333333333333332,16.666666666666668,0.165,0.16666666666666669,0.16333333333333333,0.0,0.8333333333333333,0.8333333333333333,0.8366666666666667,0.8347245409015025,all,30.0
175,22_User,0.9416666666666665,100.0,88.33333333333333,11.666666666666666,0.0,0.05833333333333333,0.0,0.11666666666666665,0.0,1.0,1.0,0.8833333333333333,0.9448818897637795,all,30.0
176,23_User,0.825,95.66666666666667,69.33333333333333,30.666666666666668,4.333333333333333,0.175,0.04333333333333333,0.3066666666666667,0.0,0.9566666666666667,0.9566666666666667,0.6933333333333332,0.845360824742268,all,30.0
177,24_User,0.6416666666666667,49.666666666666664,78.66666666666667,21.333333333333332,50.333333333333336,0.35833333333333334,0.5033333333333334,0.21333333333333332,0.0,0.49666666666666665,0.4966666666666666,0.7866666666666667,0.580896686159844,all,30.0
178,25_User,0.83,93.0,73.0,27.0,7.0,0.17,0.07,0.27,0.0,0.93,0.9299999999999999,0.73,0.8454545454545455,all,30.0
179,26_User,0.8783333333333334,95.0,80.66666666666667,19.333333333333332,5.0,0.12166666666666666,0.05,0.19333333333333333,0.0,0.95,0.95,0.8066666666666668,0.8864696734059098,all,30.0
180,27_User,0.79,73.66666666666667,84.33333333333333,15.666666666666666,26.333333333333332,0.21,0.2633333333333333,0.15666666666666665,0.0,0.7366666666666667,0.7366666666666667,0.8433333333333333,0.778169014084507,all,30.0
181,28_User,0.8716666666666666,89.0,85.33333333333333,14.666666666666666,11.0,0.12833333333333333,0.11,0.14666666666666667,0.0,0.89,0.89,0.8533333333333333,0.8739770867430442,all,30.0
182,29_User,0.42833333333333334,10.666666666666666,75.0,25.0,89.33333333333333,0.5716666666666667,0.8933333333333333,0.25,0.0,0.10666666666666666,0.10666666666666669,0.75,0.15724815724815724,all,30.0
183,30_User,0.775,73.33333333333333,81.66666666666667,18.333333333333332,26.666666666666668,0.225,0.26666666666666666,0.18333333333333332,0.0,0.7333333333333333,0.7333333333333334,0.8166666666666668,0.7652173913043478,all,30.0
184,31_User,0.5933333333333334,28.666666666666668,90.0,10.0,71.33333333333333,0.4066666666666666,0.7133333333333333,0.1,0.0,0.2866666666666667,0.28666666666666674,0.9,0.41346153846153844,all,30.0
185,32_User,0.5633333333333334,31.666666666666668,81.0,19.0,68.33333333333333,0.43666666666666665,0.6833333333333332,0.19,0.0,0.31666666666666665,0.31666666666666676,0.81,0.42035398230088494,all,30.0
